{
  "T": [
    0.5,
    0.7,
    1.0,
    1.5,
    2.0
  ],
  "N": 4,
  "ks": [
    0.5,
    1.0,
    2.0,
    3.0
  ],
  "mus": [
    0.3,
    0.6,
    1.0,
    1.5
  ],
  "k0": 0.5555555555555556,
  "mu0": 0.4166666666666667,
  "eta0": 0.2,
  "gamma0": 0.133,
  "finf": 0.4,
  "layers_alpha": [
    [
      [
        0.8656273794734102,
        0.0,
        0.0,
        0.0,
        0.0
      ],
      [
        -0.23320142228764973,
        0.6324259571857602,
        0.0,
        0.0,
        0.0
      ],
      [
        -0.08185357710561547,
        -0.367852377346536,
        0.5796285792324896,
        0.0,
        0.0
      ],
      [
        -0.0179503018938331,
        -0.08488476174290019,
        -0.4010605538737993,
        0.5315012854486777,
        0.0
      ],
      [
        -0.0036492438745272873,
        -0.017562507652891662,
        -0.09226440167313621,
        -0.4124772319195038,
        0.5315012854486777
      ]
    ],
    [
      [
        0.6251753296196847,
        0.0,
        0.0,
        0.0,
        0.0
      ],
      [
        -0.16842324942996922,
        0.45675208018971564,
        0.0,
        0.0,
        0.0
      ],
      [
        -0.0591164723540556,
        -0.2656711614169426,
        0.4186206405567977,
        0.0,
        0.0
      ],
      [
        -0.012964106923323913,
        -0.06130566125876126,
        -0.2896548444644107,
        0.38386203949071174,
        0.0
      ],
      [
        -0.0026355650204919288,
        -0.012684033304866192,
        -0.06663540120837613,
        -0.2979002230529748,
        0.3838620394907115
      ]
    ],
    [
      [
        0.4568588947220774,
        0.0,
        0.0,
        0.0,
        0.0
      ],
      [
        -0.12307852842959291,
        0.3337803662924844,
        0.0,
        0.0,
        0.0
      ],
      [
        -0.0432004990279637,
        -0.19414431026622717,
        0.3059150834838138,
        0.0,
        0.0
      ],
      [
        -0.009473770443967463,
        -0.04480029091986396,
        -0.21167084787783833,
        0.28051456732013536,
        0.0
      ],
      [
        -0.0019259898226671797,
        -0.009269101261248362,
        -0.04869510088304411,
        -0.217696316846405,
        0.2805145673201356
      ]
    ],
    [
      [
        0.3911353344287254,
        0.0,
        0.0,
        0.0,
        0.0
      ],
      [
        -0.10537249451516058,
        0.2857628399135663,
        0.0,
        0.0,
        0.0
      ],
      [
        -0.0369856903958707,
        -0.16621477791213862,
        0.26190624691245806,
        0.0,
        0.0
      ],
      [
        -0.008110877152028774,
        -0.0383553367875327,
        -0.18121995397260607,
        0.24015984009162517,
        0.0
      ],
      [
        -0.001648917602564505,
        -0.007935651606121565,
        -0.04168984075600973,
        -0.18637860108955379,
        0.2401598400916255
      ]
    ]
  ],
  "layers_beta": [
    [
      [
        1.0294623840359651,
        0.0,
        0.0,
        0.0,
        0.0
      ],
      [
        -0.2651615392422495,
        0.7643008447937156,
        0.0,
        0.0,
        0.0
      ],
      [
        -0.09815712677882504,
        -0.41408537190393935,
        0.7135341389108507,
        0.0,
        0.0
      ],
      [
        -0.0315175292002759,
        -0.1258097107281593,
        -0.4488127366330085,
        0.6749418289308393,
        0.0
      ],
      [
        -0.01078944600852455,
        -0.04180768002749441,
        -0.13718404281694577,
        -0.46068636390310136,
        0.6749418289308396
      ]
    ],
    [
      [
        0.7572251689000677,
        0.0,
        0.0,
        0.0,
        0.0
      ],
      [
        -0.20758230788963347,
        0.5496428610104346,
        0.0,
        0.0,
        0.0
      ],
      [
        -0.06954271964763625,
        -0.31579711269202576,
        0.5109707758556786,
        0.0,
        0.0
      ],
      [
        -0.01963759545175447,
        -0.08396348681310811,
        -0.33970838938107334,
        0.4818426708803485,
        0.0
      ],
      [
        -0.006036080905903818,
        -0.02474192124666825,
        -0.09087856353641696,
        -0.3475552212153726,
        0.48184267088034843
      ]
    ],
    [
      [
        0.6077523382634524,
        0.0,
        0.0,
        0.0,
        0.0
      ],
      [
        -0.17626056909743734,
        0.43149176916601517,
        0.0,
        0.0,
        0.0
      ],
      [
        -0.05376993738547131,
        -0.26209300867300506,
        0.3994292669759192,
        0.0,
        0.0
      ],
      [
        -0.013032234815758194,
        -0.06078775069564871,
        -0.28002761758449024,
        0.3754802365588523,
        0.0
      ],
      [
        -0.003381936222784376,
        -0.015231813794885724,
        -0.06522062584781439,
        -0.28564284998031336,
        0.3754802365588522
      ]
    ],
    [
      [
        0.503334203749181,
        0.0,
        0.0,
        0.0,
        0.0
      ],
      [
        -0.15388852079422388,
        0.34944568295495815,
        0.0,
        0.0,
        0.0
      ],
      [
        -0.04285556757454445,
        -0.22413716281728233,
        0.3220526085064424,
        0.0,
        0.0
      ],
      [
        -0.00855680524641965,
        -0.04493379271029861,
        -0.23796058574724188,
        0.30175060546582144,
        0.0
      ],
      [
        -0.001602269410018546,
        -0.008823771991458137,
        -0.04768953137931763,
        -0.2420516270812376,
        0.30175060546582205
      ]
    ]
  ]
}