{
  "T": [
    0.5,
    0.7,
    1.0,
    1.5,
    2.0
  ],
  "lT": [
    0.668740304976422,
    1.0,
    1.4953487812212205
  ],
  "t0": 0.5,
  "k0": 0.5555555555555556,
  "mu0": 0.4166666666666667,
  "eta0": 0.2,
  "gamma0": 0.133,
  "k1": 4.166666666666667,
  "mu1": 1.923076923076923,
  "eta1": 1.0,
  "gamma1": 1.67,
  "kp": 5.555555555555556e-09,
  "mup": 4.166666666666667e-09,
  "fp": 0.10000000000000003,
  "finf": 0.3,
  "f0": 0.6,
  "N": 3,
  "alpha": 4.0,
  "layers_alpha": [
    [
      [
        1.9999999800000001,
        0.0,
        0.0,
        0.0,
        0.0
      ],
      [
        0.68434212703567,
        1.4822886622506168,
        0.0,
        0.0,
        0.0
      ],
      [
        0.9050799613009426,
        0.37931904715203696,
        0.8837274474207263,
        0.0,
        0.0
      ],
      [
        0.9700497130911755,
        0.6096201092378999,
        -0.05900769883834576,
        0.6306948400957701,
        0.0
      ],
      [
        0.977643050524849,
        0.640095430549901,
        0.1689162234520184,
        -0.14218700338821663,
        0.503841386826114
      ]
    ],
    [
      [
        1.9999999799999995,
        0.0,
        0.0,
        0.0,
        0.0
      ],
      [
        0.6843421270356702,
        1.482288662250618,
        0.0,
        0.0,
        0.0
      ],
      [
        0.9050799613009427,
        0.3793190471520383,
        0.8837274474207257,
        0.0,
        0.0
      ],
      [
        0.929830343055337,
        0.46705278551494833,
        0.5245902471043115,
        0.2402647021539576,
        0.0
      ],
      [
        0.9341137383175646,
        0.4836602962287816,
        0.5977188177615358,
        -0.05689153710763252,
        0.2015958608289219
      ]
    ],
    [
      [
        1.9999999799999977,
        0.0,
        0.0,
        0.0,
        0.0
      ],
      [
        0.6843421270356714,
        1.4822886622506162,
        0.0,
        0.0,
        0.0
      ],
      [
        0.7684327309730714,
        1.0621097592231483,
        0.33665807684042026,
        0.0,
        0.0
      ],
      [
        0.7952334758007675,
        1.1209766555159588,
        0.026092578328793324,
        0.21910086770598275,
        0.0
      ],
      [
        0.8030037546734465,
        1.1251068519241587,
        0.10246092938157145,
        -0.07243447193718092,
        0.20159586082892178
      ]
    ],
    [
      [
        1.9999999800000023,
        0.0,
        0.0,
        0.0,
        0.0
      ],
      [
        1.4987969859641042,
        0.5646813978813501,
        0.0,
        0.0,
        0.0
      ],
      [
        1.5609591133181144,
        0.19004374475584418,
        0.31510425211047044,
        0.0,
        0.0
      ],
      [
        1.5702936890174304,
        0.2582846694923043,
        0.015198278081994993,
        0.21910086770598314,
        0.0
      ],
      [
        1.5660585338711193,
        0.26885813807488534,
        0.09889349144190915,
        -0.07243447193718133,
        0.20159586082892267
      ]
    ]
  ],
  "layers_beta": [
    [
      [
        1.9999999800000001,
        0.0,
        0.0,
        0.0,
        0.0
      ],
      [
        0.30032417772593806,
        1.662302384038688,
        0.0,
        0.0,
        0.0
      ],
      [
        0.4602064747249836,
        0.29603607230049495,
        1.2029391980026265,
        0.0,
        0.0
      ],
      [
        0.5105628032643302,
        0.5126171819385844,
        0.09239398508368712,
        0.8458140485251375,
        0.0
      ],
      [
        0.520892100961313,
        0.555686998081024,
        0.35675589820878806,
        -0.16414367426134002,
        0.6928727238933764
      ]
    ],
    [
      [
        1.99999998,
        0.0,
        0.0,
        0.0,
        0.0
      ],
      [
        0.41075739765003494,
        1.5542974312640003,
        0.0,
        0.0,
        0.0
      ],
      [
        0.6041741744487599,
        0.2676124590223885,
        1.0912072523542236,
        0.0,
        0.0
      ],
      [
        0.6347249306940322,
        0.39644196618772487,
        0.5339297991886373,
        0.3992788683155245,
        0.0
      ],
      [
        0.6395036890257061,
        0.41496755039548205,
        0.6714626134998998,
        -0.07275639226016702,
        0.311510079995414
      ]
    ],
    [
      [
        1.9999999799999992,
        0.0,
        0.0,
        0.0,
        0.0
      ],
      [
        0.4944796216318337,
        1.4724161381751886,
        0.0,
        0.0,
        0.0
      ],
      [
        0.6214516210538031,
        0.8593288681373047,
        0.48609458101763814,
        0.0,
        0.0
      ],
      [
        0.6480910914168924,
        0.9794240323455343,
        0.03922671691095171,
        0.3014064395789533,
        0.0
      ],
      [
        0.6515268916089945,
        0.9976211632951806,
        0.17272511058635864,
        -0.12799204763945057,
        0.274538257820233
      ]
    ],
    [
      [
        1.9999999800000006,
        0.0,
        0.0,
        0.0,
        0.0
      ],
      [
        1.2978568461819897,
        0.6867040195079931,
        0.0,
        0.0,
        0.0
      ],
      [
        1.4259359825289917,
        0.18938140107825702,
        0.36991934523979675,
        0.0,
        0.0
      ],
      [
        1.455563066296957,
        0.3114099735027527,
        -0.04127320848997438,
        0.26092432673134297,
        0.0
      ],
      [
        1.4598003379617184,
        0.32570089077823633,
        0.08950387616868619,
        -0.1305347066749025,
        0.24242240132874626
      ]
    ]
  ],
  "JE_eff": [
    2.3333332888888902,
    3.903719695877179,
    5.028513952061142,
    6.018608459629528,
    6.929692994390941
  ]
}