{
  "T": [
    0.5,
    0.7,
    1.0,
    1.5,
    2.0
  ],
  "k0": 0.5555555555555556,
  "mu0": 0.4166666666666667,
  "eta0": 0.2,
  "gamma0": 0.133,
  "k1": 4.166666666666667,
  "mu1": 1.923076923076923,
  "kp": 5.555555555555556e-09,
  "mup": 4.166666666666667e-09,
  "fp": 0.10000000000000003,
  "finf": 0.3,
  "f0": 0.6,
  "N": 3,
  "layers_alpha": [
    [
      [
        0.7466666645029927,
        0.0,
        0.0,
        0.0,
        0.0
      ],
      [
        -0.2223948367104035,
        0.5242718277925893,
        0.0,
        0.0,
        0.0
      ],
      [
        -0.06280064060209935,
        -0.33219392111524565,
        0.47727338398984664,
        0.0,
        0.0
      ],
      [
        -0.010134479126663598,
        -0.05569768105252686,
        -0.35668535776180876,
        0.4355445086670474,
        0.0
      ],
      [
        -0.0014994480288877373,
        -0.00838326050325022,
        -0.05975657425770735,
        -0.3639949176192901,
        0.4355445086670475
      ]
    ],
    [
      [
        0.2844444442364838,
        0.0,
        0.0,
        0.0,
        0.0
      ],
      [
        -0.0847218427399083,
        0.1997226014965759,
        0.0,
        0.0,
        0.0
      ],
      [
        -0.023924053614539965,
        -0.12655006546095196,
        0.18181843239007192,
        0.0,
        0.0
      ],
      [
        -0.0038607539613796688,
        -0.021218164256459095,
        -0.13588013658461964,
        0.1659217179469438,
        0.0
      ],
      [
        -0.000571218297956775,
        -0.003193623055776744,
        -0.022764409290354243,
        -0.13866473082207456,
        0.1659217179469437
      ]
    ],
    [
      [
        0.2844444442364841,
        0.0,
        0.0,
        0.0,
        0.0
      ],
      [
        -0.08472184273990818,
        0.19972260149657575,
        0.0,
        0.0,
        0.0
      ],
      [
        -0.023924053614539975,
        -0.12655006546095213,
        0.1818184323900719,
        0.0,
        0.0
      ],
      [
        -0.0038607539613796705,
        -0.021218164256459122,
        -0.13588013658462,
        0.16592171794694377,
        0.0
      ],
      [
        -0.0005712182979567787,
        -0.0031936230557767405,
        -0.022764409290354254,
        -0.13866473082207445,
        0.16592171794694377
      ]
    ],
    [
      [
        0.2844444442364851,
        0.0,
        0.0,
        0.0,
        0.0
      ],
      [
        -0.08472184273990813,
        0.19972260149657606,
        0.0,
        0.0,
        0.0
      ],
      [
        -0.023924053614539642,
        -0.12655006546095138,
        0.18181843239007184,
        0.0,
        0.0
      ],
      [
        -0.003860753961379893,
        -0.02121816425645902,
        -0.13588013658461856,
        0.16592171794694313,
        0.0
      ],
      [
        -0.0005712182979570675,
        -0.003193623055777223,
        -0.02276440929035324,
        -0.13866473082207392,
        0.16592171794694335
      ]
    ]
  ],
  "layers_beta": [
    [
      [
        0.9775685180451159,
        0.0,
        0.0,
        0.0,
        0.0
      ],
      [
        -0.26489457983142606,
        0.7126739382136904,
        0.0,
        0.0,
        0.0
      ],
      [
        -0.09024708709498014,
        -0.4049906905766596,
        0.6628249145634371,
        0.0,
        0.0
      ],
      [
        -0.026399366232712898,
        -0.11002213857650021,
        -0.43621418747805596,
        0.6249771029108478,
        0.0
      ],
      [
        -0.008331838647709162,
        -0.0336170996205269,
        -0.11935240379391275,
        -0.4466585579553634,
        0.6249771029108477
      ]
    ],
    [
      [
        0.4568674232656553,
        0.0,
        0.0,
        0.0,
        0.0
      ],
      [
        -0.13406445531947483,
        0.322802967946181,
        0.0,
        0.0,
        0.0
      ],
      [
        -0.039018816836536165,
        -0.19733031696320374,
        0.29855592313898843,
        0.0,
        0.0
      ],
      [
        -0.009519618016387302,
        -0.04338953800748527,
        -0.21035892208282694,
        0.280378421173927,
        0.0
      ],
      [
        -0.002678141165579788,
        -0.01141021179929627,
        -0.046676861632916955,
        -0.2144337930909294,
        0.28037842117392686
      ]
    ],
    [
      [
        0.41502475820127094,
        0.0,
        0.0,
        0.0,
        0.0
      ],
      [
        -0.13050896213107271,
        0.28451579607019856,
        0.0,
        0.0,
        0.0
      ],
      [
        -0.032761654263405396,
        -0.18610425127023855,
        0.2616821611944382,
        0.0,
        0.0
      ],
      [
        -0.006253142840856559,
        -0.03259299438285373,
        -0.19661090694447192,
        0.2447537027987967,
        0.0
      ],
      [
        -0.001399824098391516,
        -0.0067107859138727305,
        -0.034667349157768444,
        -0.19962744274476207,
        0.24475370279879646
      ]
    ],
    [
      [
        0.3786778067293689,
        0.0,
        0.0,
        0.0,
        0.0
      ],
      [
        -0.12742045574223093,
        0.25125735098713886,
        0.0,
        0.0,
        0.0
      ],
      [
        -0.027326322072029674,
        -0.17635264332808764,
        0.22965148547331005,
        0.0,
        0.0
      ],
      [
        -0.003415694162420052,
        -0.023214494074976742,
        -0.1846685883015291,
        0.2138080183403937,
        0.0
      ],
      [
        -0.00028940418763018574,
        -0.002628593626635067,
        -0.02423519416802724,
        -0.18676579311800034,
        0.21380801834039365
      ]
    ]
  ]
}