{
  "T": [
    0.5,
    0.7,
    1.0,
    1.5,
    2.0
  ],
  "k0": 0.5555555555555556,
  "mu0": 0.4166666666666667,
  "eta0": 0.2,
  "gamma0": 0.133,
  "k1": 4.166666666666667,
  "mu1": 1.923076923076923,
  "eta1": 1.0,
  "gamma1": 1.67,
  "kp": 5.555555555555556e-09,
  "mup": 4.166666666666667e-09,
  "t_set_inner": 1.0,
  "t_set_outer": 0.7,
  "layers_alpha": [
    [
      [
        1.9999999800000001,
        0.0,
        0.0,
        0.0,
        0.0
      ],
      [
        0.9883549718210701,
        1.1397719570231732,
        0.0,
        0.0,
        0.0
      ],
      [
        1.0861469313386034,
        0.7940907277721363,
        0.24362310371289753,
        0.0,
        0.0
      ],
      [
        1.1065139424958712,
        0.8583199207798851,
        -0.007124232438995253,
        0.1610570703253316,
        0.0
      ],
      [
        1.1125931328520404,
        0.8610894990048312,
        0.06441619976080705,
        -0.08171441135864047,
        0.1610570703253316
      ]
    ],
    [
      [
        1.9999999799999995,
        0.0,
        0.0,
        0.0,
        0.0
      ],
      [
        1.6146114035868184,
        0.43419884287625427,
        0.0,
        0.0,
        0.0
      ],
      [
        1.6744426400335866,
        0.19206702326158004,
        0.18074669798332815,
        0.0,
        0.0
      ],
      [
        1.6807664256043007,
        0.2686639831497138,
        -0.06642749101617412,
        0.16105707032533137,
        0.0
      ],
      [
        1.6771929544769368,
        0.27993459032127066,
        0.007568956681016194,
        -0.08171441135864063,
        0.1610570703253316
      ]
    ]
  ],
  "layers_beta": [
    [
      [
        1.9999999800000006,
        0.0,
        0.0,
        0.0,
        0.0
      ],
      [
        0.6358203586016263,
        1.3341832800546438,
        0.0,
        0.0,
        0.0
      ],
      [
        0.7475780131761206,
        0.8696232838498997,
        0.3532159673592372,
        0.0,
        0.0
      ],
      [
        0.7644561306729329,
        0.9992698020747502,
        -0.01908918684289768,
        0.2268770311959254,
        0.0
      ],
      [
        0.7658710725072589,
        1.0135939220590469,
        0.1086324354850619,
        -0.1432723119723315,
        0.2268770311959253
      ]
    ],
    [
      [
        1.9999999800000006,
        0.0,
        0.0,
        0.0,
        0.0
      ],
      [
        1.4287604737005444,
        0.558678773862757,
        0.0,
        0.0,
        0.0
      ],
      [
        1.5595171611095773,
        0.17554810111629662,
        0.2537807205529564,
        0.0,
        0.0
      ],
      [
        1.5878508159992872,
        0.30029062226001785,
        -0.1247878421453455,
        0.226877031195925,
        0.0
      ],
      [
        1.5915734316902581,
        0.3135360622220273,
        0.0017623070961754065,
        -0.14327231197233137,
        0.22687703119592528
      ]
    ]
  ]
}