{
  "T": [
    0.5,
    0.7,
    1.0,
    1.5,
    2.0
  ],
  "lT": [
    0.668740304976422,
    1.0,
    1.4953487812212205
  ],
  "t0": 0.5,
  "N": 3,
  "layers_k": [
    [
      [
        5.555555555555554e-09,
        0.0,
        0.0,
        0.0,
        0.0
      ],
      [
        0.0,
        5.555555555555554e-09,
        0.0,
        0.0,
        0.0
      ],
      [
        0.0,
        0.0,
        5.555555555555554e-09,
        0.0,
        0.0
      ],
      [
        0.0,
        0.0,
        0.0,
        5.555555555555554e-09,
        0.0
      ],
      [
        0.0,
        0.0,
        0.0,
        0.0,
        5.555555555555554e-09
      ]
    ],
    [
      [
        5.555555555555554e-09,
        0.0,
        0.0,
        0.0,
        0.0
      ],
      [
        0.0,
        5.555555555555554e-09,
        0.0,
        0.0,
        0.0
      ],
      [
        0.0,
        0.0,
        5.555555555555554e-09,
        0.0,
        0.0
      ],
      [
        0.0,
        0.0,
        -2.083333330555555,
        2.08333333611111,
        0.0
      ],
      [
        0.0,
        0.0,
        -1.2636055382902085,
        -2.083333330555555,
        3.3469388744013195
      ]
    ],
    [
      [
        5.555555555555554e-09,
        0.0,
        0.0,
        0.0,
        0.0
      ],
      [
        0.0,
        5.555555555555554e-09,
        0.0,
        0.0,
        0.0
      ],
      [
        0.0,
        -2.083333330555555,
        2.08333333611111,
        0.0,
        0.0
      ],
      [
        0.0,
        -1.2636055382902085,
        -2.083333330555555,
        3.3469388744013195,
        0.0
      ],
      [
        0.0,
        -0.766415499662727,
        -1.2636055382902085,
        -1.316917830892828,
        3.3469388744013195
      ]
    ],
    [
      [
        5.555555555555554e-09,
        0.0,
        0.0,
        0.0,
        0.0
      ],
      [
        -2.083333330555555,
        2.08333333611111,
        0.0,
        0.0,
        0.0
      ],
      [
        -1.5433712903091341,
        -2.083333330555555,
        3.6267046264202456,
        0.0,
        0.0
      ],
      [
        -0.9361020057997669,
        -1.2636055382902085,
        -1.1472313247557882,
        3.3469388744013195,
        0.0
      ],
      [
        -0.5677745660430817,
        -0.766415499662727,
        -0.6958309722471265,
        -1.316917830892828,
        3.3469388744013195
      ]
    ]
  ],
  "layers_mu": [
    [
      [
        4.166666666666667e-09,
        0.0,
        0.0,
        0.0,
        0.0
      ],
      [
        0.0,
        4.166666666666667e-09,
        0.0,
        0.0,
        0.0
      ],
      [
        0.0,
        0.0,
        4.166666666666667e-09,
        0.0,
        0.0
      ],
      [
        0.0,
        0.0,
        0.0,
        4.166666666666667e-09,
        0.0
      ],
      [
        0.0,
        0.0,
        0.0,
        0.0,
        4.166666666666667e-09
      ]
    ],
    [
      [
        4.166666666666667e-09,
        0.0,
        0.0,
        0.0,
        0.0
      ],
      [
        0.0,
        4.166666666666667e-09,
        0.0,
        0.0,
        0.0
      ],
      [
        0.0,
        0.0,
        4.166666666666667e-09,
        0.0,
        0.0
      ],
      [
        0.0,
        0.0,
        -0.9615384594551282,
        0.9615384636217947,
        0.0
      ],
      [
        0.0,
        0.0,
        -0.7127518798865489,
        -0.9615384594551282,
        1.6742903435083436
      ]
    ],
    [
      [
        4.166666666666667e-09,
        0.0,
        0.0,
        0.0,
        0.0
      ],
      [
        0.0,
        4.166666666666667e-09,
        0.0,
        0.0,
        0.0
      ],
      [
        0.0,
        -0.9615384594551282,
        0.9615384636217947,
        0.0,
        0.0
      ],
      [
        0.0,
        -0.7127518798865489,
        -0.9615384594551282,
        1.6742903435083436,
        0.0
      ],
      [
        0.0,
        -0.52833585297834,
        -0.7127518798865489,
        -0.43320260647678843,
        1.6742903435083436
      ]
    ],
    [
      [
        4.166666666666667e-09,
        0.0,
        0.0,
        0.0,
        0.0
      ],
      [
        -0.9615384594551282,
        0.9615384636217947,
        0.0,
        0.0,
        0.0
      ],
      [
        -0.8034330386948672,
        -0.9615384594551282,
        1.7649715023166619,
        0.0,
        0.0
      ],
      [
        -0.5955543462421722,
        -0.7127518798865489,
        -0.365984113212956,
        1.6742903435083436,
        0.0
      ],
      [
        -0.4414617798043916,
        -0.52833585297834,
        -0.27129010008215737,
        -0.43320260647678843,
        1.6742903435083436
      ]
    ]
  ]
}