{
  "T": [
    0.5,
    0.7,
    1.0,
    1.5,
    2.0
  ],
  "k0": 0.5555555555555556,
  "mu0": 0.4166666666666667,
  "eta0": 0.2,
  "gamma0": 0.133,
  "Ns": [
    {
      "N": 2,
      "ks": [
        0.5,
        1.0
      ],
      "mus": [
        0.3,
        0.6
      ],
      "alpha": [
        [
          [
            1.0198300283286117,
            0.0,
            0.0,
            0.0,
            0.0
          ],
          [
            -0.22347385534849656,
            0.7963561729801155,
            0.0,
            0.0,
            0.0
          ],
          [
            -0.10754923745488565,
            -0.3886709546436373,
            0.7387083111398605,
            0.0,
            0.0
          ],
          [
            -0.0352377445965627,
            -0.13513340976100302,
            -0.4364201128412704,
            0.6833055806517818,
            0.0
          ],
          [
            -0.010884583124932762,
            -0.04233181108740922,
            -0.15080000221368056,
            -0.4558772219280339,
            0.6833055806517818
          ]
        ],
        [
          [
            0.7365439093484423,
            0.0,
            0.0,
            0.0,
            0.0
          ],
          [
            -0.1613977844183585,
            0.5751461249300835,
            0.0,
            0.0,
            0.0
          ],
          [
            -0.0776744492729731,
            -0.2807068005759601,
            0.5335115580454544,
            0.0,
            0.0
          ],
          [
            -0.025449482208628964,
            -0.0975963514940576,
            -0.31519230371869555,
            0.49349847491517584,
            0.0
          ],
          [
            -0.007861087812451694,
            -0.030572974674240062,
            -0.10891111270988015,
            -0.3292446602813581,
            0.49349847491517584
          ]
        ]
      ],
      "beta": [
        [
          [
            1.1313077305069896,
            0.0,
            0.0,
            0.0,
            0.0
          ],
          [
            -0.2627451834666279,
            0.8685625470403624,
            0.0,
            0.0,
            0.0
          ],
          [
            -0.11206639839096191,
            -0.42671542665105644,
            0.8166587022468956,
            0.0,
            0.0
          ],
          [
            -0.04233381420383426,
            -0.1560943899686097,
            -0.4679181936010303,
            0.7771501126707347,
            0.0
          ],
          [
            -0.016648587700353167,
            -0.06022091141573824,
            -0.1718986286655199,
            -0.4824839227863894,
            0.7771501126707347
          ]
        ],
        [
          [
            0.8418650424294993,
            0.0,
            0.0,
            0.0,
            0.0
          ],
          [
            -0.21034069380619302,
            0.6315243486233056,
            0.0,
            0.0,
            0.0
          ],
          [
            -0.08364888517898728,
            -0.3346614399499353,
            0.5908524876585508,
            0.0,
            0.0
          ],
          [
            -0.028016335788377828,
            -0.11073748536460798,
            -0.36443024661965134,
            0.5601559453860787,
            0.0
          ],
          [
            -0.009340824646102548,
            -0.037162099154440305,
            -0.12073861575084413,
            -0.3746264382859277,
            0.5601559453860789
          ]
        ]
      ]
    },
    {
      "N": 3,
      "ks": [
        0.5,
        1.0,
        2.0
      ],
      "mus": [
        0.3,
        0.6,
        1.0
      ],
      "alpha": [
        [
          [
            0.9448818897637796,
            0.0,
            0.0,
            0.0,
            0.0
          ],
          [
            -0.2352559377192418,
            0.7096259520445376,
            0.0,
            0.0,
            0.0
          ],
          [
            -0.09464596164259595,
            -0.3859688774033197,
            0.6535589740030554,
            0.0,
            0.0
          ],
          [
            -0.024839135428781002,
            -0.10704995895356864,
            -0.42569338977986604,
            0.601399323508701,
            0.0
          ],
          [
            -0.0060916712412315945,
            -0.026680830608440294,
            -0.11755211159667817,
            -0.440445518484548,
            0.6013993235087007
          ]
        ],
        [
          [
            0.6824146981627296,
            0.0,
            0.0,
            0.0,
            0.0
          ],
          [
            -0.16990706613056356,
            0.5125076320321662,
            0.0,
            0.0,
            0.0
          ],
          [
            -0.06835541674187484,
            -0.27875530034684215,
            0.4720148145577622,
            0.0,
            0.0
          ],
          [
            -0.017939375587452948,
            -0.07731385924424404,
            -0.3074452259521254,
            0.4343439558673952,
            0.0
          ],
          [
            -0.0043995403408894854,
            -0.019269488772762428,
            -0.08489874726426755,
            -0.3180995411277292,
            0.4343439558673954
          ]
        ],
        [
          [
            0.49868766404199427,
            0.0,
            0.0,
            0.0,
            0.0
          ],
          [
            -0.1241628560184886,
            0.37452480802350563,
            0.0,
            0.0,
            0.0
          ],
          [
            -0.04995203531137013,
            -0.20370579640730863,
            0.34493390294605775,
            0.0,
            0.0
          ],
          [
            -0.013109543698523804,
            -0.056498589447716664,
            -0.22467151127270701,
            0.3174051985184806,
            0.0
          ],
          [
            -0.0032150487106506237,
            -0.014081549487788248,
            -0.062041392231579846,
            -0.23245735697795605,
            0.31740519851848076
          ]
        ]
      ],